model,split,accuracy,macro_f1
finbert,val,0.7841776544066621,0.7853352153412763
finbert,test,0.8049965301873698,0.806732740188167
